{"cameraMode":{"drawMode":0,"name":"Shaded","section":"Shading Mode"},"sceneLighting":true,"audioPlay":false,"sceneViewState":{"showFog":true,"showMaterialUpdate":false,"showSkybox":true,"showFlares":true,"showImageEffects":true,"showParticleSystems":true},"in2DMode":false,"pivot":{"x":-12.942784309387207,"y":-6.073936462402344,"z":5.386756896972656},"rotation":{"x":-0.42149829864501955,"y":0.2530897557735443,"z":-0.1237645372748375,"w":-0.8619598746299744},"size":34.70380783081055,"orthographic":false}